"0","library(rnaturalearth)"
"0","library(sf)"
"2","Linking to GEOS 3.8.0, GDAL 3.0.4, PROJ 6.3.1; sf_use_s2() is TRUE
"
"0","library(ggplot2)"
"0","world <- rnaturalearth::ne_countries(scale = ""medium"", returnclass = ""sf"")"
"0","merged_data <- merge(world, unicef_indicator_1, by.x = ""iso_a3"", by.y = ""alpha_3_code"", all.x = TRUE)"
"0","ggplot() +"
"0","  geom_sf(data = merged_data, aes(fill = obs_value)) +"
"0","  scale_fill_gradient(low = ""lightblue"", high = ""darkblue"") +"
"0","  labs(title = ""Choropleth Map"", fill = ""Indicator Value"") +"
"0","  theme_void()"
