"0",""
"0","# Calculate average values by country"
"0","avg_values <- unicef_indicator_2 %>%"
"0","  group_by(country) %>%"
"0","  summarize(avg_value = mean(obs_value))"
"0",""
"0","# Select top 10 countries with the highest average values"
"0","top_countries <- avg_values %>%"
"0","  top_n(10, wt = avg_value)"
"0",""
"0","# Filter original data to include only top countries"
"0","filtered_data <- unicef_indicator_2 %>%"
"0","  filter(country %in% top_countries$country)"
"0",""
"0","# Plot"
"0","top_bar_chart <- ggplot(filtered_data, aes(x = reorder(country, obs_value), y = obs_value, fill = sex)) +"
"0","  geom_bar(stat = ""identity"", position = ""dodge"") +"
"0","  theme(axis.text.x = element_text(angle = 90, vjust = 0.5, hjust=1)) +"
"0","  labs(title = ""Average Values of 'Population under age 5' Indicator for Top 10 Countries"","
"0","       x = ""Country"", y = ""Average Value"","
"0","       fill = ""Sex"")"
"0","print(top_bar_chart)"
