"0","library(ggplot2)"
"0",""
"0","# Create the scatter plot"
"0","scatter_plot <- ggplot(metadata, aes(x = `GDP per capita (constant 2015 US$)`, y = `Life expectancy at birth, total (years)`)) +"
"0","  geom_point() +"
"0","  geom_smooth(method = ""lm"", se = FALSE) +"
"0","  labs(title = ""Relationship between GDP per Capita and Life Expectancy"","
"0","       x = ""GDP per Capita (constant 2015 US$)"","
"0","       y = ""Life Expectancy at Birth (total years)"")"
"0",""
"0","# Print the scatter plot"
"0","print(scatter_plot)"
