"0","library(readr)"
"0","unicef_indicator_1 <-read_csv(""unicef_indicator_1.csv"")"
"2","[1mRows: [22m[34m2439[39m [1mColumns: [22m[34m14[39m"
"2","[36m──[39m [1mColumn specification[22m [36m───────────────────────────────────────────────────────────────[39m
[1mDelimiter:[22m "",""
[31mchr[39m (12): country, alpha_2_code, alpha_3_code, indicator, time_period, sex, unit_mu...
[32mdbl[39m  (2): numeric_code, obs_value"
"2","
[36mℹ[39m Use `spec()` to retrieve the full column specification for this data.
[36mℹ[39m Specify the column types or set `show_col_types = FALSE` to quiet this message."
"0","unicef_indicator_2 <-read_csv(""unicef_indicator_2.csv"")"
"2","[1mRows: [22m[34m50394[39m [1mColumns: [22m[34m14[39m"
"2","[36m──[39m [1mColumn specification[22m [36m───────────────────────────────────────────────────────────────[39m
[1mDelimiter:[22m "",""
[31mchr[39m (9): country, alpha_2_code, alpha_3_code, indicator, sex, unit_multiplier, unit...
[32mdbl[39m (3): numeric_code, time_period, obs_value
[33mlgl[39m (2): observation_confidentaility, time_period_activity_related_to_when_the_data..."
"2","
[36mℹ[39m Use `spec()` to retrieve the full column specification for this data.
[36mℹ[39m Specify the column types or set `show_col_types = FALSE` to quiet this message."
"0","metadata=read_csv(""unicef_metadata.csv"")"
"2","[1mRows: [22m[34m13293[39m [1mColumns: [22m[34m11[39m"
"2","[36m──[39m [1mColumn specification[22m [36m───────────────────────────────────────────────────────────────[39m
[1mDelimiter:[22m "",""
[31mchr[39m (3): country, alpha_2_code, alpha_3_code
[32mdbl[39m (8): numeric_code, year, Population, total, GDP per capita (constant 2015 US$),..."
"2","
[36mℹ[39m Use `spec()` to retrieve the full column specification for this data.
[36mℹ[39m Specify the column types or set `show_col_types = FALSE` to quiet this message."
